"Id","OwnerId","IsDeleted","Name","CreatedDate","CreatedById","LastModifiedDate","LastModifiedById","SystemModstamp","LastActivityDate","ConnectionReceivedId","ConnectionSentId","LLC_BI__Description__c","LLC_BI__docManager__c","LLC_BI__docTab__c","LLC_BI__lookupId__c","LLC_BI__lookupKey__c","LLC_BI__sortOrder__c"
"a0X5e000000a0ctEAA","0055e000003ZErQAAW","","Approval Documents","2021-06-18T13:03:13.000Z","0055e000003ZErQAAW","2021-06-18T13:03:13.000Z","0055e000003ZErQAAW","","","","","","a0V5e000000ZpyHEAS","","","42877017765203144",""
"a0X5e000000a0cuEAA","0055e000004FA6qAAG","","Generated Forms","2021-06-18T13:03:13.000Z","0055e000004FA6qAAG","2021-06-18T13:03:13.000Z","0055e000003ZErQAAW","","","","","","a0V5e000000ZpyLEAS","","","a0X5e000000a0cuEAA",""
"a0X5e000000a0cvEAA","0055e000004FA6qAAG","","Generated Forms","2021-06-18T13:03:13.000Z","0055e000004FA6qAAG","2021-06-18T13:03:13.000Z","0055e000003ZErQAAW","","","","","","a0V5e000000ZpyMEAS","","","a0X5e000000a0cvEAA",""
"a0X5e000000a0cwEAA","0055e000004FA6qAAG","","Generated Forms","2021-06-18T13:03:13.000Z","0055e000004FA6qAAG","2021-06-18T13:03:13.000Z","0055e000003ZErQAAW","","","","","","a0V5e000000ZpyNEAS","","","a0X5e000000a0cwEAA",""
"a0X5e000000a0cxEAA","0055e000004FA6qAAG","","Generated Forms","2021-06-18T13:03:13.000Z","0055e000004FA6qAAG","2021-06-18T13:03:13.000Z","0055e000003ZErQAAW","","","","","","a0V5e000000ZpyHEAS","","","a0X5e000000a0cxEAA",""
"a0X5e000000a0cyEAA","0055e000004FA6qAAG","","Generated Forms","2021-06-18T13:03:13.000Z","0055e000004FA6qAAG","2021-06-18T13:03:13.000Z","0055e000003ZErQAAW","","","","","","a0V5e000000ZpyKEAS","","","a0X5e000000a0cyEAA",""
"a0X5e000000a0czEAA","0055e000004FA6qAAG","","Generated Forms","2021-06-18T13:03:13.000Z","0055e000004FA6qAAG","2021-06-18T13:03:13.000Z","0055e000003ZErQAAW","","","","","","a0V5e000000ZpyJEAS","","","a0X5e000000a0czEAA",""
"a0X5e000000a0d0EAA","0055e000004FA6qAAG","","Generated Forms","2021-06-18T13:03:13.000Z","0055e000004FA6qAAG","2021-06-18T13:03:13.000Z","0055e000003ZErQAAW","","","","","","a0V5e000000ZpyIEAS","","","a0X5e000000a0d0EAA",""
"a0X5e000000a0d1EAA","0055e000003ZErQAAW","","Financials","2021-06-18T13:03:13.000Z","0055e000003ZErQAAW","2021-06-18T13:03:13.000Z","0055e000003ZErQAAW","","","","","","a0V5e000000ZpyJEAS","","","42014292193054036",""
"a0X5e000000a0d2EAA","0055e000003ZErQAAW","","Business Documentation","2021-06-18T13:03:13.000Z","0055e000003ZErQAAW","2021-06-18T13:03:13.000Z","0055e000003ZErQAAW","","","","","","a0V5e000000ZpyJEAS","","","42156395586544602",""
"a0X5e000000a0d3EAA","0055e000003ZErQAAW","","LLC Documentation","2021-06-18T13:03:13.000Z","0055e000003ZErQAAW","2021-06-18T13:03:13.000Z","0055e000003ZErQAAW","","","","","","a0V5e000000ZpyJEAS","","","42665823565792883",""
"a0X5e000000a0d4EAA","0055e000003ZErQAAW","","Individual Specific Documents","2021-06-18T13:03:13.000Z","0055e000003ZErQAAW","2021-06-18T13:03:13.000Z","0055e000003ZErQAAW","","","","","","a0V5e000000ZpyJEAS","","","42664529759962450",""
"a0X5e000000a0d5EAA","0055e000003ZErQAAW","","Customer Agreements","2021-06-18T13:03:13.000Z","0055e000003ZErQAAW","2021-06-18T13:03:13.000Z","0055e000003ZErQAAW","","","","","","a0V5e000000ZpyLEAS","","","42094086748193833",""
"a0X5e000000a0d6EAA","0055e000003ZErQAAW","","Loan Documents","2021-06-18T13:03:13.000Z","0055e000003ZErQAAW","2021-06-18T13:03:13.000Z","0055e000003ZErQAAW","","","","","","a0V5e000000ZpyMEAS","","","42001100241001888",""
"a0X5e000000a0d7EAA","0055e000003ZErQAAW","","Underwriting","2021-06-18T13:03:13.000Z","0055e000003ZErQAAW","2021-06-18T13:03:13.000Z","0055e000003ZErQAAW","","","","","","a0V5e000000ZpyMEAS","","","42935672753285186",""
"a0X5e000000a0d8EAA","0055e000003ZErQAAW","","Compliance","2021-06-18T13:03:13.000Z","0055e000003ZErQAAW","2021-06-18T13:03:13.000Z","0055e000003ZErQAAW","","","","","","a0V5e000000ZpyMEAS","","","42970056914907347",""
"a0X5e000000a0d9EAA","0055e000003ZErQAAW","","Appraisal","2021-06-18T13:03:13.000Z","0055e000003ZErQAAW","2021-06-18T13:03:13.000Z","0055e000003ZErQAAW","","","","","","a0V5e000000ZpyNEAS","","","42247367122445306",""
"a0X5e000000a0dAEAQ","0055e000003ZErQAAW","","Collateral Documents","2021-06-18T13:03:13.000Z","0055e000003ZErQAAW","2021-06-18T13:03:13.000Z","0055e000003ZErQAAW","","","","","","a0V5e000000ZpyNEAS","","","a0X5e000000a0dAEAQ",""
"a0X5e000000a0dBEAQ","0055e000003ZErQAAW","","Real Estate Collateral","2021-06-18T13:03:13.000Z","0055e000003ZErQAAW","2021-06-18T13:03:13.000Z","0055e000003ZErQAAW","","","","","","a0V5e000000ZpyNEAS","","","42637522936295793",""
"a0X5e000000a0dCEAQ","0055e000003ZErQAAW","","UCC Collateral","2021-06-18T13:03:13.000Z","0055e000003ZErQAAW","2021-06-18T13:03:13.000Z","0055e000003ZErQAAW","","","","","","a0V5e000000ZpyNEAS","","","42741653654880044",""
"a0X5e000000a0dDEAQ","0055e000003ZErQAAW","","Titled Collateral","2021-06-18T13:03:13.000Z","0055e000003ZErQAAW","2021-06-18T13:03:13.000Z","0055e000003ZErQAAW","","","","","","a0V5e000000ZpyNEAS","","","42599373601156605",""
"a0X5e000000a0dEEAQ","0055e000003ZErQAAW","","Closing Documents","2021-06-18T13:03:13.000Z","0055e000003ZErQAAW","2021-06-18T13:03:13.000Z","0055e000003ZErQAAW","","","","","","a0V5e000000ZpyMEAS","","","a0X5e000000a0dEEAQ",""
"a0X5e000000a0dFEAQ","0055e000003ZErQAAW","","Inspection","2021-06-18T13:03:13.000Z","0055e000003ZErQAAW","2021-06-18T13:03:13.000Z","0055e000003ZErQAAW","","","","","","a0V5e000000ZpyMEAS","","","a0X5e000000a0dFEAQ",""
